Vũ trụ trong vỏ hạt dẻ.jpg,6a04885848c31a33a4abeb17
Tắt đèn.jpg,6a04885848c31a33a4abeb1a
The Pragmatic Programmer.jpg,6a02e7d65ec41ed95be12fe3
The Great Gatsby.jpg,6a02e7d65ec41ed95be12fe7
Số đỏ.jpg,6a04885848c31a33a4abeb19
Nguồn gốc các loài.jpg,6a04885848c31a33a4abeb18
Lịch sử hội họa.jpg,6a04885948c31a33a4abeb1c
Python for Beginners.jpg,6a04885848c31a33a4abeb14
Siêu kinh tế học hài hước.jpg,6a04885948c31a33a4abeb1d
Hệ quản trị cơ sở dữ liệu.jpg,6a04885848c31a33a4abeb16
Giáo trình cấu trúc dữ liệu và giải thuật.jpg,6a04885848c31a33a4abeb15
Clean Code.jpg,6a02e7d65ec41ed95be12fdd
The Lord of the Rings.jpg,6a04885948c31a33a4abeb1b
A Brief History of Time.jpg,6a02e7d75ec41ed95be12ff2
z7860467454809_1f74c51163c26000f749c2020b016346.jpg,6a04885848c31a33a4abeb17
z7860467503155_f4579d6b55d49308cf0d22de9d8630c9.jpg,6a04885848c31a33a4abeb1a
z7860467503227_d51000d106257df6f68fa7267440f991.jpg,6a02e7d65ec41ed95be12fe3
z7860467552564_bfdfe4dbb39daff79691530af65811f9.jpg,6a02e7d65ec41ed95be12fe7
z7860467601480_da40cb0a83ae7df000ae5570adbd0be5.jpg,6a04885848c31a33a4abeb19
z7860467650093_8c6061f0603364e12cbda6772f61f760.jpg,6a04885848c31a33a4abeb18
z7860467749256_8e09b37dad2cb255a5b58917b39995a1.jpg,6a04885948c31a33a4abeb1c
z7860467848207_545c6ffa6ad729e3285e71ec7e0d28f8.jpg,6a04885848c31a33a4abeb14
z7860467944498_15baa6d242ba534aba924f6fadd77b8e.jpg,6a04885948c31a33a4abeb1d
z7860468041876_0e88785d82b3fb68014f7ebc0ed8317a.jpg,6a04885848c31a33a4abeb16
z7860468140232_e315e8ef377c0f66c5e58b959e8180e8.jpg,6a04885848c31a33a4abeb15
z7860468189889_da7a280b4b35ebb7e0021a2ca614fd87.jpg,6a02e7d65ec41ed95be12fdd
z7860468287133_15758694f2adad82b2e9ae141a8bd11e.jpg,6a04885848c31a33a4abeb1b
z7860468384654_ca9286bbae7678a50abf9ee288826cdf.jpg,6a02e7d75ec41ed95be12ff2
